Date	PostType	Content	Image	Like	Retweet	Reply	
2023-10-05T04:09:54.000Z	image	Happy teachers’ Day Kenya !	https://pbs.twimg.com/media/F7pehNNXMAAXPST?format=jpg&name=small	19	6	1	
2023-10-05T04:07:38.000Z	image	Happy teachers’ Day Kenya !	https://pbs.twimg.com/media/F7peAOBXAAAcNF0?format=jpg&name=small	48	8	12	
2023-10-03T19:27:04.000Z	text	Excellent achievement Ps		2		1	
2023-09-30T17:14:50.000Z	image	I’m a proud Mwalimu wa Tvet. This gentleman was my student ?? and a diligent photographer and  ASK Kenya official for over 25 yrs . Tvet works Congratulations Kumutai Misoi for this award from ASK .?? ?? ?? ?	https://pbs.twimg.com/media/F7SiN6vWUAEw6Pa?format=jpg&name=small	57	11	3	
2023-09-27T15:01:57.000Z	image	"Pleased to have represented Hon Cs ?? at the world skills general assembly In Dublin Ireland.
Three critical facts emerged for better Tvet system :-Teacher, student and industry. the TEACHER being centre piece.?? ????"	"https://pbs.twimg.com/media/F7CnCQRWEAAbZ_o?format=jpg&name=360x360,https://pbs.twimg.com/media/F7CnCjGWwAAOLcw?format=jpg&name=360x360,https://pbs.twimg.com/media/F7CnCzFXkAAr8Ut?format=jpg&name=small,https://pbs.twimg.com/media/F7CnDEwXEAE7yLl?format=jpg&name=360x360"	73	14	13	
2023-08-11T10:48:03.000Z	image	?? what’s up with your net today ?	https://pbs.twimg.com/media/F3PqNccW0AA80yk?format=jpg&name=small	3		1	
2023-08-10T16:54:06.000Z	image	Kstvet has rolled out CBET methodology training to all TVET trainers starting with national Polys . 600 trainers are now on 1st phase in 5 polys for two weeks We target all MOE  6500.trainers .?? ?? ?? ??	"https://pbs.twimg.com/media/F3L0YxBXoAQIzvM?format=jpg&name=small,https://pbs.twimg.com/media/F3L0ZMiXkAAwXu7?format=jpg&name=360x360,https://pbs.twimg.com/media/F3L0ZkcX0AAkj2O?format=jpg&name=360x360"	55	16	5	
2023-08-04T16:13:59.000Z	text	  		1		1	
2023-07-30T16:37:26.000Z	image	"KSTVET for two days hosted hundreds of craftprenuers from Kenya and 4 African countries. The ideas ,workmanship are amazing .The event was organized by ?? .our youths are truly innovative ?? ?? ?? ?"	"https://pbs.twimg.com/media/F2THAhSW4AAbBlK?format=jpg&name=360x360,https://pbs.twimg.com/media/F2THCesWMAE_B1R?format=jpg&name=360x360,https://pbs.twimg.com/media/F2THEVMWEAE7SDd?format=jpg&name=360x360,https://pbs.twimg.com/media/F2THFeeXIAAjGxa?format=jpg&name=360x360"	56	9	2	
2023-07-27T09:24:02.000Z	image	"Artificial intelligence and Education, how safe are we ? ?? ?? ?? ?? ??"	https://pbs.twimg.com/media/F2CHIPmXoAA8F3K?format=jpg&name=large		21	6	
2023-07-17T15:17:28.000Z	text	In line with gvt efforts. At Kstvet We have launched German requirements courses to enhance employment of our graduates abroad.		39	16	2	
2023-07-16T07:39:41.000Z	image	"Give to receive 
Luke 6:38 ."	"https://pbs.twimg.com/media/F1JFwIwWAAEzEIM?format=jpg&name=small,https://pbs.twimg.com/media/F1JFwp3XgAE-hj0?format=jpg&name=small"	21	5	2	
2023-07-15T17:39:37.000Z	text	"Felister, you are exemplary innovator in ODeL across Africa. You started  Kenyan National ODeL , trained many  TVET officers in Kenya and Africa .We will  miss you but the world will gain you. God bless you . .  @kttc_kenya "		8	4		
2023-07-15T16:26:09.000Z	text	I Was very honored to be part of this panel . Let’s fix competency and capacity  issues of the Tvet teacher to make Cbet and Tvet have impact in Kenya .		6	1		
2023-07-14T18:35:19.000Z	text	"KSTVET is going global . In 2021, our HOD lecturer in National ODeL in TVET Robert Okinda got a job as an expert in COL in Canada and now our   own Felister Munyi is leaving to UNESCO- UNEVOC Germany to foster world Tvet thinking.   "		68		14	
2023-07-03T19:00:01.000Z	text	   @kttc_kenya       		5	2		
2023-07-03T16:48:00.000Z	text	Join kstvet for a technical trainer training career. We’re giving scholarships to the best Tvet graduates from Tvet colleges .				9	
2023-06-28T18:34:40.000Z	text	    				1	
2023-05-20T23:03:13.000Z	text	"Exemplary and a rare feat indeed 
Kenya has the power !"		4			
2023-05-20T03:14:46.000Z	text	Tvet works . It’s a fact worldwide.		6	1	1	
2023-05-17T21:13:43.000Z	image	"Today KSTVET 14 trainers completed the first phase of our CBET training at Durham College In Toronto Canada . Next is at Algonquin college next week courtesy of ?? ?? .We will do a rollout to Kenyan Tvets from July 2023.
?? ?"	"https://pbs.twimg.com/media/FwXArg5XoAE2xiq?format=jpg&name=360x360,https://pbs.twimg.com/media/FwXArvUWAAQu9jP?format=jpg&name=small,https://pbs.twimg.com/media/FwXAr9zX0AA12L6?format=jpg&name=360x360,https://pbs.twimg.com/media/FwXAsKmXsAEoiha?format=jpg&name=360x360"			3	
2023-05-14T11:36:07.000Z	text	"“ Ask, and it shall be given you; seek, and ye. shall find; knock, and it shall be opened unto you: 8 For every one that asketh receiveth; and he that seeketh. findeth; and to him that knocketh it shall be opened.”
Mathew 7 : 7"		18	2	2	
2023-05-05T17:19:55.000Z	text	What an exciting collaboration- Germany has been a pillar is training of Cbet in kenya through GIZ . They have successfully Supported 12 TOT from kstvet  who were trained in the best German institutions . We are now rolling out these skills to all Tvets in Kenya .		8	3	1	
2023-05-02T19:35:50.000Z	text	 I remember that trip thanks for your kindness . You are a  great scholar and a good host .		2	1	1	
2023-05-01T08:43:30.000Z	image	Happy labour day !	https://pbs.twimg.com/media/FvB7icYXoAINBZT?format=jpg&name=small		7	5	
2023-04-25T19:58:18.000Z	image	Kenya school of Tvet ( kttc) today won world award in  teacher professional development in WFCP congress in Montreal Canada. Kstvet is truly “the home of technical education”“ ?? ?? ?@kttc_kenya? ?? ?? ?	"https://pbs.twimg.com/media/Fulcaz_WcBckeyO?format=jpg&name=900x900,https://pbs.twimg.com/media/FulccAtXgAI7kVX?format=jpg&name=small"			7	
2023-04-25T16:35:41.000Z	image	"was privileged to chair ATUPA Senegal meeting today on Agriculture and Tvet 
-ATVET"	"https://pbs.twimg.com/media/FukuDiNWIAIa45U?format=jpg&name=small,https://pbs.twimg.com/media/FukuEJAXwAk_qET?format=jpg&name=small"	41	5	3	
2023-04-17T10:52:26.000Z	image	My former students ?? working for kfc Nakuru. Tvet works.?@kttc_kenya? ?? ?? ?? ??	https://pbs.twimg.com/media/Ft6Syi5XgAEmoqJ?format=jpg&name=small	221	21	15	
2023-04-14T16:03:53.000Z	image	Very amazing day at Tindiret Tvc as the college registers over 800 new students in an astonishing Tvet crusade led by Sen ?? and Hon ?? .I was privileged to be among them .Tvet works .?? ?@kttc_kenya?	"https://pbs.twimg.com/media/Ftr9SLeXwAMEgiT?format=jpg&name=360x360,https://pbs.twimg.com/media/Ftr9SwxX0AQ9bfo?format=jpg&name=360x360,https://pbs.twimg.com/media/Ftr9TPFXsAEn0TQ?format=jpg&name=360x360,https://pbs.twimg.com/media/Ftr9TnKWAAAbE9w?format=jpg&name=small"		14	10	
2023-03-01T12:52:04.000Z	image	Today we met Namibian deputy education minister with ?? members to plan partnerships between kstvet and ?? .especially in Educ tech and staff exchange ?? ?? ?@kttc_kenya? ?? ?	"https://pbs.twimg.com/media/FqIrb0bXgAM3Nzg?format=jpg&name=small,https://pbs.twimg.com/media/FqIrcZIWIAEdojR?format=jpg&name=360x360,https://pbs.twimg.com/media/FqIrc3fWIAITMgw?format=jpg&name=360x360"	56	10	9	
2023-02-27T14:08:38.000Z	image	"Today ??? we started a 3 day workshop to develop a framework for a blended Tvet teacher ?? is the main facilitator. Our MP ?Hon ??  Clive , represented KNA . Blended learning new frontier in Educ.?? ?"	"https://pbs.twimg.com/media/Fp-pwVzXgAIEOOA?format=jpg&name=360x360,https://pbs.twimg.com/media/Fp-pxaqXoAAgY1v?format=jpg&name=360x360,https://pbs.twimg.com/media/Fp-pyFXXwAAIt1n?format=jpg&name=360x360,https://pbs.twimg.com/media/Fp-pyooWIAI_GS8?format=jpg&name=360x360"	58	16	2	
2023-02-19T17:47:10.000Z	text	Ensure you call out to all . And please use intercom system. The VIP lounge is part of check in space at the airport.					
2023-02-19T17:45:36.000Z	text	??????				1	
2023-02-19T17:43:13.000Z	image		https://pbs.twimg.com/media/FpWOL-3WIAEl8Kh?format=jpg&name=small	1	1	1	
2023-02-19T14:11:17.000Z	text	From 		6	2	1	
2023-02-19T14:09:48.000Z	image	Tvet trainers have funds for pedagogy      @kttc_kenya	https://pbs.twimg.com/media/FpVdWCOWAAcJjCe?format=jpg&name=small	52	12	5	
2023-02-19T11:43:46.000Z	text	 please be serious with your work . Today guys were left while seated at VIP lounge in eld . Reason given your workers forget to come and call them to board . Poor service.				1	
2023-02-19T05:56:21.000Z	text	"“There is a time for everything,
    and a season for every activity under the heavens:
    a time to be born and a time to die,
    a time to plant and a time to uproot,
    a time to kill and a time to heal,
    a time to tear down and a time to build,”
    Ecc 3"		48	4	2	
2023-02-17T11:27:44.000Z	image	On Wednesday KSTVET hosted over 200 MoE Principals to layout strategies for implementation of government agenda inTvet ?? ?? ?@kttc_kenya? ??	"https://pbs.twimg.com/media/FpKlDN0XEAIlEI7?format=jpg&name=360x360,https://pbs.twimg.com/media/FpKlDpwWAAAWEeQ?format=jpg&name=360x360,https://pbs.twimg.com/media/FpKlD_6WIAAbHjS?format=jpg&name=360x360,https://pbs.twimg.com/media/FpKlEZlX0AAeJJp?format=jpg&name=360x360"	97	14	4	
2023-02-16T21:53:19.000Z	text	"For late valentine massage . UB 40 said it well.

UB40 - Stick By Me  via "		16		1	
2023-02-09T17:12:36.000Z	image	Today we had good engagement with principals of RIAT and Bushiangala Tvc and our trainers trainees from kstvet on teaching practice.Let’s keep learning and improving together in Tvet .	"https://pbs.twimg.com/media/FoinRYRXEAQMbTM?format=jpg&name=360x360,https://pbs.twimg.com/media/FoinSBwWAAAhNLw?format=jpg&name=360x360"	55	7	3	
2023-01-26T11:23:40.000Z	image	The TVET option - Daily Nation .	https://pbs.twimg.com/media/FnZRJwtXgAExPr2?format=jpg&name=medium			12	
2023-01-24T16:54:11.000Z	text	"It’s very sad . Prof Magoha was one brilliant scholar , medic and administrator . I was privileged to work with him at  and .    He helped to positively shape many in his career . May God rest him in peace ."		7	2		
2023-01-24T14:52:40.000Z	image	Today The Ps Tvet Dr Esther Muoria opened two capacity building trainings for Kenyan Tvet managers at Eldoret Poly and RVTTI .This part of massive CPD program being done by ?@kttc_kenya? (KSTVET) across Kenya ?? ?? ??	"https://pbs.twimg.com/media/FnPty2jXoAEw0nx?format=jpg&name=360x360,https://pbs.twimg.com/media/FnPtzXPXwAIp30d?format=jpg&name=360x360,https://pbs.twimg.com/media/FnPtzz7WQAIMqU6?format=jpg&name=360x360,https://pbs.twimg.com/media/FnPt0M6X0AEDtyQ?format=jpg&name=360x360"	58	14	2	
2023-01-22T07:20:20.000Z	text	"Don’t Doubt God 
“His neighbors and those who had formerly seen him begging asked, “Isn’t this the same man who used to sit and beg?”Some claimed that he was.Others said, “No, he only looks like him.”But he himself insisted,“I am the man.”“How then were your eyes opened?” 
John 8"			17	1	
2023-01-18T06:51:23.000Z	image	Ps Tvet Dr Esther Muoria today opened a one month skills training for Tvet trainers and quality assurance officers from Somalia. The program is sponsored JICA and undertaken by Kstvet. ?? ?? ?? ??	"https://pbs.twimg.com/media/FmvGGq8XkAEcj0u?format=jpg&name=small,https://pbs.twimg.com/media/FmvGHUXXgAEsNTZ?format=jpg&name=small,https://pbs.twimg.com/media/FmvGHzNXEAEhMHY?format=jpg&name=360x360"		28	11	
2023-01-17T17:04:04.000Z	text	It’s not genuine according to MoE It’s a 2019 advert .		1			
2023-01-16T17:59:32.000Z	image	The G.O.A.T  in athletics has broken another record! .This is the kind of belief and philanthropy that Kenyan people should embrace. ?? ?? ??? ?? ?? ?? ?	https://pbs.twimg.com/media/FmnL1ZpXEAITX9v?format=jpg&name=small		21	5	
2023-01-15T03:44:17.000Z	text	"“A merry heart makes a cheerful countenance,
But by sorrow of the heart the spirit is broken.”
Proverbs 15:13 
Be happy and God bless"			12		
2023-01-12T17:51:37.000Z	text	    		1			
2023-01-10T13:47:33.000Z	image	"Privileged today to take part in a consultative meeting between Cs , MoE ?? , PSs , German delegation ,COG Education chair HE Dr mutai , HE Hon Cheboi baringo Governor. Tvet will immensely benefit from this collaboration."	https://pbs.twimg.com/media/FmHYp4wWAAUa05A?format=jpg&name=small	83	10	11	
2023-01-01T14:27:53.000Z	image	"Kstvet family, you’re great always !"	https://pbs.twimg.com/media/FlZLk4LXwAI7sRF?format=jpg&name=small	139	16	9	
2023-01-01T10:26:09.000Z	text	"Happy New year 2023 

“Do not be anxious about anything, but in every situation, by prayer and petition, with thanksgiving, present your requests to God. And the peace of God, which transcends all understanding, will guard your hearts and your minds in Christ Jesus.”
Philippians"		49	5	4	
2022-12-15T17:52:22.000Z	image	Kttc has been rebranded to Kenya School of Tvet  with a redefined and expanded mandate to take of development and capacity building of Tvet practitioners in Kenya . In conformity with legal Order 123 of 2022 and Presidential order 1 of 2022 . Let’s keep Tvet practice contemporary	https://pbs.twimg.com/media/FkCXWL1XoAEUzhk?format=jpg&name=small			71	
2022-12-07T12:21:00.000Z	text	    		4	2		
2022-12-07T09:43:06.000Z	image	“Let’s move Kenya from a certificate country to a skills country’	https://pbs.twimg.com/media/FjXapcmXEAcLR3d?format=jpg&name=small	177	37	16	
2022-11-29T14:48:33.000Z	text	    		6			
2022-11-29T11:52:42.000Z	image	Today we hosted Ethiopian delegation on benchmark and idea exchange@kttc@tveta	"https://pbs.twimg.com/media/FiurkZWXkAIIc9e?format=jpg&name=360x360,https://pbs.twimg.com/media/Fiurk8fWIAEz3yQ?format=jpg&name=360x360,https://pbs.twimg.com/media/FiurleLXwAELhmL?format=jpg&name=360x360,https://pbs.twimg.com/media/FiurmCIVsAAMtfl?format=jpg&name=360x360"		16	4	
2022-11-28T11:02:57.000Z	text	" and others need to learn from you ,your Excellency. !"		1			
2022-11-25T19:10:25.000Z	image	"Tvet works and will deliver for the needs of Nairobians ,and people of Kenya.    @kttc_kenya  "	https://pbs.twimg.com/media/FibpbF1XwAA36T6?format=jpg&name=900x900			5	
2022-11-25T18:39:18.000Z	image	"Tvet works and will deliver for the needs of Nairobians ,and people of Kenya.?? ?? ?? ?? ??@kttc_kenya?"	https://pbs.twimg.com/media/FibiTHZWYAMrOTw?format=jpg&name=900x900	24	7	2	
2022-11-23T16:37:44.000Z	image	We in Tvet are elated by this dev . We are upto the task and we will deliver ?? ?? ? ?? ?@kttc_kenya? ?	https://pbs.twimg.com/media/FiQzSm5WAAMqeZS?format=jpg&name=small	62	19	5	
2022-11-17T18:36:26.000Z	text	"Visit kttc portal, application is free"				1	
2022-11-17T17:42:58.000Z	text			4			
2022-11-17T07:43:37.000Z	image	"3 golds 1 silver medals won by Allan Tarno at secondary school world scholars competition at The Yale university-USA.yesterday.
Congratulations Allan and glory to God .?? ?? ?? ?? ??"	https://pbs.twimg.com/media/Fhv_gVSXoAAUBfr?format=jpg&name=900x900		107	59	
2022-10-18T10:57:57.000Z	text	"To Kenyan youth Tvet is the way to Go says His Excellency  “Riggy G “ 

"				8	
2022-10-17T15:23:57.000Z	text	"The youth have the energy, the risk taking propensity and creativity to cope with new challenges. Let’s continue to give them opportunities and space to operate. Thanks RIGGY G ."		27	1	1	
2022-10-17T15:19:27.000Z	image	I visited Comboni Polytechic in Gilgil today. Creative art is amazing in this college . Tvet works . Thanks ?? for your support to them ?? ?? ?? ?? ?@kttc_kenya?	"https://pbs.twimg.com/media/FfR-iBPWAAEFTUU?format=jpg&name=360x360,https://pbs.twimg.com/media/FfR-ikJWIAI1Ypk?format=jpg&name=360x360,https://pbs.twimg.com/media/FfR-jB6XwAAm--S?format=jpg&name=360x360,https://pbs.twimg.com/media/FfR-jdZWQAE_XKR?format=jpg&name=360x360"		15	10	
2022-10-16T17:03:58.000Z	text	???????				1	
2022-10-14T15:38:01.000Z	image	Humor on the streets . take note  ??????	https://pbs.twimg.com/media/FfCmB73WAAUwZJy?format=jpg&name=small		14	6	
2022-10-13T15:17:36.000Z	text	Cbet for Kenya ????		3	1		
2022-10-08T19:14:14.000Z	text	"I Served under his leadership at RVTTI as my Mp . Very humble , humorous and hands on . May the almighty God  rest him in peace and solace and grace be with his family and friends."		35	3	2	
2022-10-05T12:51:16.000Z	image	Capacity building of Deans of students from Kenya MoE Tvets went well for two weeks now in Nyeri and Meru Polytechics .  A job well done by  and ??? ??	"https://pbs.twimg.com/media/FeTpiJTXkAME15e?format=jpg&name=360x360,https://pbs.twimg.com/media/FeTpixSWQAICUNv?format=jpg&name=360x360,https://pbs.twimg.com/media/FeTpjJ4XEAAl4ml?format=jpg&name=360x360,https://pbs.twimg.com/media/FeTpjwSXwAIs-jM?format=jpg&name=360x360"	42	8	2	
2022-10-02T09:09:20.000Z	text	They should also go to Eldoret		4	1	1	
2022-10-01T19:03:31.000Z	text	Ghana’s thinking about Education!		32	11	2	
2022-09-28T13:36:05.000Z	text	Application is online through kttc portal and it’s free of charge. Next intake is in January 2023.					
2022-09-25T19:34:08.000Z	text	Tvet works !!!		9			
2022-09-25T18:48:51.000Z	text	Yes  congratulations .Tvet works .		3			
2022-09-25T18:35:27.000Z	text	"Review of courses is critically fundamental in meeting new societal needs and embracing new technologies in Education.????
???????@kttc_kenya?

"		12	2	1	
2022-09-24T17:52:26.000Z	text	Thank you  I’m proud to have taken part in restoration of this car few years ago . See you tomorrow 		12		1	
2022-09-16T14:06:43.000Z	image	Young people are brilliant- they just need support. ?? ?@kttc_kenya? ?? ??	https://pbs.twimg.com/media/FcyEnsqWAAI70VS?format=jpg&name=small	25	2	2	
2022-09-09T19:36:17.000Z	text	Education is the key to develop the youth BUT Tvet is the master key to youth empowerment and employment.		3	1		
2022-09-02T23:15:23.000Z	text	Shadrack thanks so much for your appreciation. you also transformed us to be better administrators and Tvet trainers . Keep going and God bless		17	2		
2022-08-31T15:03:07.000Z	text	   				1	
2022-08-31T15:01:40.000Z	image	"“Heritage Tvet education is critical,it not only preserves history also but keeps traditional Tvet practices and products relevant to evolving needs of local communities.Heritage educ should also be treated as a dynamic component “ Ps Min edu KENYA Dr Mwakima says in ATUPA 2022"	https://pbs.twimg.com/media/Fbf3v7ZXEAEON6U?format=jpg&name=small	21	7	2	
2022-08-31T11:40:45.000Z	text	      		5			
2022-08-31T11:26:28.000Z	text	"“Education is not a ritual, education is useless if it adds no value to human dignity. There are many topics and subjects in our curricula that do not serve our needs -change them ! “
Prof Amon Murwira Zimbabwe Education minister says At commonwealth Tvet conference today"		38	19	4	
2022-08-30T20:41:16.000Z	video	Climate change- join the knowledge seekers. !	https://pbs.twimg.com/ext_tw_video_thumb/1564713850804600832/pu/img/abZnIZ4b_HMqfylv.jpg	17	5		
2022-08-26T18:57:38.000Z	text	"@hero_nairobi you are always amazing. - Speed , service, elegance order and organization even at full house . This why public sector has a lot to learn from the private sector ."		20	2	1	
2022-08-10T03:55:43.000Z	text	"“If my people, who are called by my name, will humble themselves and pray and seek my face and turn from their wicked ways, then I will hear from heaven, and I will forgive their sin and will heal their land.”
2 chronicles 7:14"			9	1	
2022-08-09T06:56:04.000Z	video	??  ?????	https://pbs.twimg.com/ext_tw_video_thumb/1556897041548296193/pu/img/H73PYoBxdG1aU3Xl.jpg	12	3	5	
2022-08-04T15:07:20.000Z	text	"“Mutiso Menezes international “
That was the name of his company 
This Man is a genius. You need to visit kttc and Unep to see his marvelous ability."					
2022-08-02T18:26:31.000Z	text	Yes apply online using kttc portal				1	
2022-08-02T18:16:59.000Z	image	Today Kttc opened another  4days training for 176 deputy Principals Of MoE Tvets in finance mgt and Govenance .To enhance better governance and  contribute to their CPD .?? ?? ?? ?? ??	"https://pbs.twimg.com/media/FZLOVNwXkAAR7LR?format=jpg&name=360x360,https://pbs.twimg.com/media/FZLOV46XEAIXexQ?format=jpg&name=360x360,https://pbs.twimg.com/media/FZLOWa1XkAEOAV5?format=jpg&name=360x360,https://pbs.twimg.com/media/FZLOW8IXgAEHiW5?format=jpg&name=360x360"		10	2	
2022-07-13T18:38:46.000Z	image		"https://pbs.twimg.com/media/FXkTis8WAAAPFOf?format=jpg&name=small,https://pbs.twimg.com/media/FXkTjOBWIAAc1PG?format=jpg&name=small"	13	2		
2022-07-13T17:45:12.000Z	image	Nairobi city’s full moon . What a good view .	"https://pbs.twimg.com/media/FXkHR-OXgAEwHdW?format=jpg&name=small,https://pbs.twimg.com/media/FXkHSh2WYAITT39?format=jpg&name=small"	24	1	1	
2022-07-10T05:56:00.000Z	text	It’s shocking that Some countries are still primitive and insensitive in this century . This is one of them .					
2022-06-26T15:28:42.000Z	image	Tvet !	https://pbs.twimg.com/media/FWMFBCyXwAExRiw?format=jpg&name=small	98	18	3	
2022-06-22T17:59:01.000Z	image	"“Hard skills gives you the job but soft skills keeps you in your job “
Massage from Directors of HRM Mr Mosiori and Tvet Mr Mulati to Tvet principals during training at kttc today."	"https://pbs.twimg.com/media/FV4BCeaX0AAmuUO?format=jpg&name=360x360,https://pbs.twimg.com/media/FV4BC_-XgAAIGml?format=jpg&name=360x360,https://pbs.twimg.com/media/FV4BDeGXoAAubSj?format=jpg&name=360x360,https://pbs.twimg.com/media/FV4BD5EWQAIDpMI?format=jpg&name=360x360"			2	
2022-06-17T10:38:46.000Z	image	"I was Privileged  to meet Tvet Gurus who worked with me in the past  ,Prof Shyamal  and Jeff  Brazil"	"https://pbs.twimg.com/media/FVcsV-rXsAAm888?format=jpg&name=360x360,https://pbs.twimg.com/media/FVcsV-qWAAEwOo3?format=jpg&name=360x360,https://pbs.twimg.com/media/FVcsV-qWYAAQeMk?format=jpg&name=360x360,https://pbs.twimg.com/media/FVcsWBiWAAM4ChV?format=jpg&name=360x360"	33		1	
2022-06-17T10:34:35.000Z	image	"I was Privileged  to meet Tvet Gurus who worked with me in the past ?? ,Prof Shyamal ?? and Jeff ?? Brazil"	"https://pbs.twimg.com/media/FVcrWAeWQAA5GYU?format=jpg&name=360x360,https://pbs.twimg.com/media/FVcrWpHWYAEap4-?format=jpg&name=360x360,https://pbs.twimg.com/media/FVcrXbHWYAAY_4a?format=jpg&name=360x360,https://pbs.twimg.com/media/FVcrYiXXEAEgm4W?format=jpg&name=360x360"	25	5	2	
2022-06-16T09:24:22.000Z	image	World federation of colleges and Polytechnics (WFCP) says - “The future of TVET is Now “	"https://pbs.twimg.com/media/FVXRpOSXsAANiT7?format=jpg&name=360x360,https://pbs.twimg.com/media/FVXRrIDXEAEwxPU?format=jpg&name=360x360,https://pbs.twimg.com/media/FVXRscmXsAMq-Yz?format=jpg&name=360x360,https://pbs.twimg.com/media/FVXRtfgWAAYWmH2?format=jpg&name=360x360"			3	
2022-06-10T08:34:34.000Z	image	Today we hosted  groups from Germany and Finland where discussed how to collaborate on training Tvet teachers on dual Tvet system in Kenya.	"https://pbs.twimg.com/media/FU4MyAdXsAE67RL?format=jpg&name=small,https://pbs.twimg.com/media/FU4MylpWUAE_vwc?format=jpg&name=small"	40	9	5	
2022-06-05T07:52:59.000Z	text	"Then Peter said, “Silver and gold have I none; but such as I have give I thee: In the name of Jesus Christ of Nazareth rise up and walk.” And he took him by the right hand, and lifted him up: and immediately his feet and ancle bones received strength. 
Acts 3:6"		23	6	2	
2022-06-01T16:33:38.000Z	text	     		3	1		
2022-06-01T13:40:33.000Z	image	The green city in the sun -Nairobi. Let’s strive to keep it green in all other aspects too .!	"https://pbs.twimg.com/media/FUK8gvAWAAY_xSb?format=jpg&name=small,https://pbs.twimg.com/media/FUK8hPRWYAQwo-q?format=jpg&name=small"	29	5	4	
2022-04-29T16:39:00.000Z	text	Welcome		1			
2022-04-29T16:16:33.000Z	image	"I was privileged today to chair and be a panelist in the African Tvets forum at the Arusha conference center Tanzania. Top EAC Educ ,Ps and policyholders attended."	"https://pbs.twimg.com/media/FRhjtXcXsAI66SU?format=jpg&name=360x360,https://pbs.twimg.com/media/FRhjvfiXsAEPyEM?format=jpg&name=small"			8	
2022-04-28T05:09:41.000Z	text	Very critical training as we embrace Cbet  @kttc_kenya and in Kenya.This will be followed by nationwide training through kttc   		6	3		
2022-04-26T08:52:09.000Z	text	"Diploma in a Tvet course, or HND or Degree in a Tvet course. Visit "		1			
2022-04-22T15:15:26.000Z	text	"He was Very diligent ,facts based decision maker  and results oriented. He introduced performance targets for civil servants and rewarded successful ones .I will miss him dearly. Rest in peace Mzee President Mwai Kibaki."		4			
2022-04-22T11:50:52.000Z	text	This will strengthen M&E and quality assurance at the kttc thank you  .		6	1		
2022-04-17T16:03:57.000Z	text	??		19	2	3	
2022-04-17T08:28:33.000Z	text	"For those feeling intimidated :-
“For this reason I remind you to fan into flame the gift of God, which is in you through the laying on of my hands. For the Spirit God gave us does not make us timid, but gives us power, love and self-discipline”
2nd Timothy 1:7"		20	3	2	
2022-04-15T18:56:14.000Z	text	??????		1		1	
2022-03-31T09:17:27.000Z	image	Tvets should make their institutions “conducive to All and inclusive to All “	https://pbs.twimg.com/media/FPKtsvaX0AcHKjx?format=jpg&name=small		13	2	
2022-03-30T09:40:02.000Z	text	Very impressive new thinking on this topic was discussed. A lot to learn and need to act .		1			
2022-03-26T08:37:03.000Z	image	We are upto the task Kenyan team !	https://pbs.twimg.com/media/FOw0iBIXEAMVrtS?format=jpg&name=small	33	5	1	
2022-03-25T17:04:15.000Z	image	Tacked in the hills of mai mahiu in Kenya is a Catholic Church built in 1947 by Italian prisoners of war. History and Tourism meet here !	"https://pbs.twimg.com/media/FOtfBQJXEAUJyuL?format=jpg&name=small,https://pbs.twimg.com/media/FOtfB7NXwAslNYH?format=jpg&name=small"	17	2		
2022-03-25T16:56:08.000Z	image	Tvet Innovations are quite amazing at Nairobi tvet fairs in Narok.	"https://pbs.twimg.com/media/FOtdK2hXIAEyAMn?format=jpg&name=360x360,https://pbs.twimg.com/media/FOtdK2jWQAoi6e8?format=jpg&name=360x360,https://pbs.twimg.com/media/FOtdK2iX0BEIS8s?format=jpg&name=360x360,https://pbs.twimg.com/media/FOtdK3xWUAciAYI?format=jpg&name=360x360"	23	6		
2022-03-23T17:34:34.000Z	text	Brilliant business venture!		1		1	
2022-03-20T07:48:13.000Z	text	"“If you keep my commands, you will remain in my love, just as I have kept my Father’s commands and remain in his love.I have told you this so that my joy may be in you and that your joy may be complete. My command is this: Love each other as I have loved you.”
John 15:10"		20	3	1	
2022-03-16T13:36:35.000Z	image	Thank you people of Mwea for feeding Kenyans !	"https://pbs.twimg.com/media/FN-ZK0cWYAMImsP?format=jpg&name=360x360,https://pbs.twimg.com/media/FN-ZLd2XoAM9143?format=jpg&name=360x360,https://pbs.twimg.com/media/FN-ZL-kWQAEPShD?format=jpg&name=360x360,https://pbs.twimg.com/media/FN-ZMblXEAYmG4r?format=jpg&name=360x360"	58	11		
2022-03-13T05:59:53.000Z	text	"“Evildoers do not understand what is right,
    but those who seek the Lord understand it fully.”
Proverbs 28:5"		28	2	2	
2022-03-07T15:51:07.000Z	text	"“Surely God is my salvation; I will trust and not be afraid. The LORD, the LORD himself, is my strength and my defense ; he has become my salvation.” 
Isaiah 12.2"			4	1	
2022-03-06T14:48:29.000Z	text	Thank you so much. I wish you could get us an English version for us to follow you better.		1			
2022-02-28T10:17:09.000Z	text	Kttc is proud to host THIS  is TVET HUB			1	2	
2022-02-27T17:48:12.000Z	text	"“Make every effort to live in peace with everyone and to be holy;without holiness no one will see the Lord.See to it that no one falls short of the grace of God and that no bitter root grows up to cause trouble and defile many”
Hebrews 12:14"		19	3	1	
2022-02-26T19:13:50.000Z	text	Congratulations my sister you’re Tvet and you’re an excellent example of what we do and perpetuate. Contact me iko kazi .					
2022-02-26T18:15:39.000Z	text	Tim thanks for what you and you ilk are doing to help higher education students have decent living. We in the sector have always yearned for his for so long . Many institutions are available for this thru PPP. I look forward to you and your kind actualizing this across Kenya.		4		1	
2022-02-20T06:14:20.000Z	text	"“Do not be anxious about anything,but in every situation, by prayer and petition, with thanksgiving, present your requests to God.And the peace of God,which transcends all understanding,will guard your hearts and your minds in Christ Jesus”
Philippians 4"		35	8	4	
2022-02-18T07:32:53.000Z	text	Very important group as we strengthen the open and online learning now and in post COVID time.			2	1	
2022-01-24T18:18:48.000Z	text	"Thanks  this is critical for our our institutions particularly those with cost challenges in Elearning integration .
Spread the link well !"		4	2		
2022-01-24T14:27:06.000Z	image	The shocking reality of inequality in world wealth  !	https://pbs.twimg.com/media/FJ37qs8XoAY_96e?format=jpg&name=small	20	7	3	
2022-01-23T07:56:10.000Z	text	Cbc in action !					
2022-01-22T18:46:15.000Z	image	Very important info for our graduates !	https://pbs.twimg.com/media/FJujzosXEAALqLO?format=jpg&name=small	37	8	3	
2022-01-13T18:40:06.000Z	text	"Tvet trainers! 
Are ours any different?

?? ?? ?@kttc_kenya? ?? ?? ?? ?? ?? ??"		17	3	5	
2022-01-02T08:28:30.000Z	image		https://pbs.twimg.com/media/FIFWndOX0AAuzNn?format=jpg&name=small	10			
2022-01-01T05:19:55.000Z	text	Happy new year 2022. !		5			
2021-12-27T18:10:21.000Z	image	Small business isn’t easy especially for the youth .BUT Just start ….	https://pbs.twimg.com/media/FHoiQTjWQAAcMcO?format=jpg&name=small	36	7	2	
2021-12-27T12:16:52.000Z	image	?? ?? ?? #tembeakenya	"https://pbs.twimg.com/media/FHnRUkVXIAclsG9?format=jpg&name=360x360,https://pbs.twimg.com/media/FHnRVKQWQAIEIvj?format=jpg&name=360x360,https://pbs.twimg.com/media/FHnRVroXwAkUiQF?format=jpg&name=360x360,https://pbs.twimg.com/media/FHnRWNNXsAIl5_D?format=jpg&name=360x360"	18	3	1	
2021-12-25T17:01:01.000Z	image	?? is this Baringo-Nakuru road designed as a private or public road ? - too narrow !	https://pbs.twimg.com/media/FHd_NGHX0AcbnGO?format=jpg&name=small	25	6	3	
2021-12-20T04:17:00.000Z	video	Merry Christmas and happy new year 2022 - from kttc	https://pbs.twimg.com/ext_tw_video_thumb/1472782985242058755/pu/img/A10LKZTSgmafkQks.jpg	53	8	12	
2021-11-21T11:59:27.000Z	text	"Don’t SHOW your wealth
But   SHARE  your wealth 

“And do not forget to do good and to share with others, for with such sacrifices God is pleased”
Hebrews 13:16"		23	5	2	
2021-11-20T16:11:49.000Z	text	 surely something has to change . Ole has to change !					
2021-11-14T16:51:31.000Z	text	What a remarkable statement to all our students.!		1		1	
2021-11-14T13:42:22.000Z	text	Trust in the LORD with all your heart					
"Proverbs 28:26"""			2				
2021-11-13T15:51:35.000Z	text	I appreciate that you notice my small contribution to tvet Dr Monari. It’s my passion.		5	2		
2021-11-12T16:42:10.000Z	text	Spot on Dr !		1			
2021-11-12T04:17:05.000Z	text	"“my people are destroyed from lack of knowledge.
“Because you have rejected knowledge,
    I also reject you as my priests;
because you have ignored the law of your God,
    I also will ignore your children.”
Hosea 4:6"		20	3	2	
2021-11-05T10:05:34.000Z	text	"You made my day brother Sakwa, ??????"					
2021-10-31T18:10:57.000Z	text	"“Then if my people who are called by my name will humble themselves and pray and seek my face and turn from their wicked ways, I will hear from heaven and will forgive their sins and restore their land.”
Chronicles 2:7"		28	10	5	
2021-10-28T17:24:26.000Z	text	     @kttc_kenya   Glad to have joined today the technical team from KTTC in reviewing of the TVET trainers Diploma course. This is the journey towards positioning  KTTC to become the premier Training College for TVET Trainers and Managers not just in Kenya but in Africa @edwintarno @kttc_kenya		2	2		
2021-09-21T13:22:05.000Z	image	There are a lot of books to read out there for everyone ??	https://pbs.twimg.com/media/E_z-DfoVUAQcDTB?format=jpg&name=small	17	6	6	
2021-09-19T07:51:39.000Z	image	Our  blessings are ordained by God and aren’t same from person to person !	"https://pbs.twimg.com/media/E_ofOCQX0AANnhx?format=jpg&name=360x360,https://pbs.twimg.com/media/E_ofOx_X0AADDF9?format=jpg&name=360x360,https://pbs.twimg.com/media/E_ofPZdX0AAAU7A?format=jpg&name=360x360,https://pbs.twimg.com/media/E_ofP8cXoAEup8t?format=jpg&name=360x360"	20	3	2	
2021-09-16T06:49:12.000Z	text	" has been running the program for 2yrs now with Collabo with commonwealth ofnn Bnk learning and  .
Please email info@kttc.ac.ke for further assistance."		1	1		
2021-09-15T17:26:05.000Z	text	Yes Nice outlook  has similar one for Reg of trainers.		7	2	1	
2021-09-12T06:59:46.000Z	text	"“Hear my cry, O God;
Attend to my prayer.
From the end of the earth I will cry to You,
When my heart is overwhelmed;
Lead me to the rock that is higher than I.
For You have been a shelter for me,
A strong tower from the enemy.”
Psalms 61"		28	8		
2021-09-09T09:20:04.000Z	text	"To have competent tvet managers Competitive recruitment should be done Using a clear ,open criterion and merit coupled with better renumeration, and use of target based performance system."		10	3	1	
2021-09-08T06:54:01.000Z	text	"This Confernce is crucial 
kenya has done  fairly ok in training tvet trainers thru online learning. More work being done thru    . This will ensure wider reach, quality teaching and opened  Inovation and research bridges ."		8	3		
2021-09-05T04:44:57.000Z	text	"“Lord God!Behold, You have made the heavens and the earth by Your great power and outstretched arm. There is nothing too hard for You. You show lovingkindness to thousands, and repay the iniquity of the fathers into the bosom of their children after them ..the Mighty God” 
Jer 32"		18	1	3	
2021-09-04T04:51:04.000Z	text	This report is so important I hope many governments in Africa can take note.  		1	1		
2021-08-28T17:01:35.000Z	text	   		4			
2021-08-28T16:56:56.000Z	text	"£480000 (British pounds) per week  
The amount Ronaldo will be paid per week by Man United 
SKILLS PAY !"		29	2	6	
2021-08-26T07:07:56.000Z	text	Connectivity is one issue but the main challenge is sustaining monthly payments !		3	1		
2021-08-22T15:32:33.000Z	text	     		4	1		
2021-08-22T15:29:29.000Z	text	Watch “Mobius 3 Launch” on #Vimeo		13	4	1	
2021-08-20T10:25:32.000Z	image	"I was privileged today to chair RPL national policy validation blended meeting, over 230 stakeholder participants took part . RPL rollout is taking shape ?? ?? ?? ?? ?? ???"	"https://pbs.twimg.com/media/E9OiwQmXIAQ5GOe?format=jpg&name=small,https://pbs.twimg.com/media/E9Oiw93WQAIsjFl?format=jpg&name=360x360,https://pbs.twimg.com/media/E9OixitWYAgfn3A?format=jpg&name=360x360"	34	8	1	
2021-08-18T04:02:41.000Z	text	"I’m humbled by this gesture by RVTTI board of governors and Mgnt 
This was a project we envisioned and started to build in 
2016 and is now complete and very handy during these COVID times .
Congratulations      "		23	4	1	
2021-08-01T06:37:27.000Z	text	"“Love is patient, love is kind. It does not envy, it does not boast, it is not proud. It does not dishonor others, it is not self-seeking, it is not easily angered, it keeps no record of wrongs. Love does not delight in evil but rejoices with the truth”. 
1 Corinthians 13."		27	10	1	
2021-07-25T07:16:31.000Z	text	"Then the word of the Lord came to Jeremiah:  “I am the Lord, the God of all mankind. Is anything too hard for me? “
Jeremiah 32:27"		19	4	1	
2021-07-20T16:00:51.000Z	text	Can  get a better easier QR code for local flights the one in use has been a nightmare that never gets done for most passengers.		5	2	1	
2021-07-18T08:39:04.000Z	text	"“Let the morning bring me word of your unfailing love,
    for I have put my trust in you.
Show me the way I should go,
    for to you I entrust my life.
Rescue me from my enemies, Lord,
    for I hide myself in you”
Psalms 143"		26	3	3	
2021-07-11T07:13:14.000Z	text	"“Be strong and courageous. Do not be afraid or terrified because of them, for the Lord your God goes with you; he will never leave you nor forsake you.”
Deuteronomy 31:6"		29	4	1	
2021-07-08T15:03:08.000Z	text	Nairobi is cold - climate change ?		11		2	
2021-07-05T09:31:15.000Z	text	RPL - Recognition of Prior Learning		19	5	1	
2021-07-04T15:20:32.000Z	text	Spare time to read about this iconic leader		15	5		
2021-05-29T11:10:48.000Z	image	It was a sad week for KTTC and Tvet in kenya . Today We attended the funeral of our exemplary kttc trainer LYDIA ONGACHI. RIP our friend and colleague.	https://pbs.twimg.com/media/E2jRLHnWUAMoFde?format=jpg&name=small	8	4	9	
2021-05-23T07:11:15.000Z	text	"TRUTH shall set you FREE 

“Therefore each of you must put off falsehood and speak truthfully to your neighbor, for we are all members of one body. In your anger do not sin .Do not let the sun go down while you are still angry, and do not give the devil a foothold.” 
Ephesians 4"		23	6	4	
2021-05-16T07:12:54.000Z	text	"REST if you have to but don’t QUIT

“So do not throw away your confidence; it will be richly rewarded. You need to persevere so that when you have done the will of God, you will receive what he has promised.”
Hebrews 10:35-37"		21	6		
2021-05-14T17:20:49.000Z	text	Congratulations   I’m confident you will add immense value to that board. God bless.		1		1	
2021-05-02T12:53:52.000Z	image		https://pbs.twimg.com/media/E0Yl10UWEAASPeq?format=jpg&name=small	13	5		
2021-05-02T12:53:18.000Z	text	"I lift up my eyes to the mountains—
    where does my help come from?

My help comes from the Lord,
    the Maker of heaven(A) and earth.
He will not let your foot slip—
    he who watches over you will not slumber;     
Psalms 121"		14	1		
2021-04-25T08:35:17.000Z	text	"NEVER DOUBT GOD’S POWER 

“The Lord reigns, he is robed in majesty; .and armed with strength;
   Mightier than the thunder of the great waters,mightier than the breakers of the sea 
 Your statutes, Lord, stand firm;
    holiness adorns your house
    for endless days.”
Psalms 93"		10	2		
2021-04-18T17:09:05.000Z	text	Congratulations again- The legend		4	1		
2021-04-13T06:44:56.000Z	text	"Caroline,this is precisely the reason   has overhauled kttc to focus on Cbet trainer courses,CPD and inservice training for all teachers, next be Industry attachment for them in line with Kenyan Tvet Act  and global best.  "		11	2	1	
2021-04-11T16:03:09.000Z	image	Tvet trainers- knowledge is power @ Cican ?? ?? ?? ?? ??	https://pbs.twimg.com/media/EytHx-zWUAMeFPu?format=jpg&name=small	45	8	2	
2021-04-08T05:27:54.000Z	text	We need to move RPL from mere policy and talk to Action. Institutions should roll out this we need to hear and see Juakali people   “graduating”		9	3		
2021-04-05T14:52:55.000Z	image	My 14yr old did this artwork today to beat the lockdown. Gifted indeed	https://pbs.twimg.com/media/EyN-Kk3WQAMwC0Q?format=jpg&name=small	46	1	9	
2021-03-17T04:11:51.000Z	image	We celebrate Technical Education in kenya join us on 26th March 2021	https://pbs.twimg.com/media/Ewp1Ol0WgAQ4ZYC?format=jpg&name=small	44	16	5	
2021-03-14T12:59:33.000Z	text	Welcome to the club brother !					
2021-03-14T07:11:46.000Z	text	"God’s kingdom is not in a crisis 

“Do not be anxious about anything, but in every situation, by prayer and petition,...present your requests to God. And the peace of God, which transcends all understanding, will guard your hearts and your minds in Christ Jesus.”
Philipians 4"		19	6	1	
2021-03-02T15:01:16.000Z	text	Congratulations TVET Authority welcome to the ISO 2015 Family.		1			
2021-02-28T07:18:14.000Z	text	"“And I pray that you, being rooted and established in love, may have power, together with all the Lord’s holy people, to grasp how wide and long and high and deep is the love of Christ, and to know this love that surpasses knowledge.and filled to the fullness of God.”
Ephesians 3"		14	2	2	
2021-02-26T17:10:57.000Z	image	"Today we closed a two day workshop on conversation of kttc to Kstvet,-bringing together stakeholders lead by CAS MoE Hon Hassan,KSGs Prof Ludeki Chweya, Dtvet,DHRM ,DG TVETA, and KTTC Council ."	"https://pbs.twimg.com/media/EvKxT-EXAAINQ8A?format=jpg&name=360x360,https://pbs.twimg.com/media/EvKxUi8XMAMxN0h?format=jpg&name=360x360,https://pbs.twimg.com/media/EvKxVRWWQAAwg05?format=jpg&name=360x360,https://pbs.twimg.com/media/EvKxV9FXEAQDSTY?format=jpg&name=360x360"	34	13	3	
2021-02-21T07:12:43.000Z	text	"Unresolved inner conflict leads to death:-
“ In your anger do not sin ...
Get rid of all bitterness, rage and anger, brawling and slander, along with every form of malice. Be kind and compassionate to one another,forgiving each other, just as in Christ God forgave you.”
Eph.4:30"		28	6	3	
2021-02-14T07:16:14.000Z	text	"“Love is patient,love is kind. It does not envy, it does not boast, it is not proud. It does not dishonor others, it is not self-seeking,it is not easily angered, it keeps no record of wrongs. Love does not delight in evil but rejoices with the truth. It protects,” 1 Corinthians"		32	8	4	
2021-02-13T17:09:25.000Z	image	Green energy - the inevitable future energy sector for the world . Kudos My Kenya ????	https://pbs.twimg.com/media/EuH0UyKXYAAORXc?format=jpg&name=small	25	10	3	
2021-02-12T08:32:59.000Z	text	Kttc has been manufacturing them for over year. The brand is Kebs certified.		3			
2021-02-07T06:26:54.000Z	text	"Make your decision:-
“But if serving the Lord seems undesirable to you, then choose for yourselves this day whom you will serve, whether the gods your ancestors served beyond the Euphrates, ......”But as for me and my household, we will serve the Lord.” Joshua 24:15"		27	5	5	
2021-01-31T10:39:11.000Z	image	The Goodness of God is unlimited !	https://pbs.twimg.com/media/EtDeV4LWMAIVt0W?format=jpg&name=small	21	2	4	
2021-01-28T14:23:16.000Z	image	"Today and tomorrow,kenya national Tvet ODEL committee will have a workshop to strengthen full implementation ODeL in  Kenyan Tvet . ?? ?? ?? ??"	"https://pbs.twimg.com/media/Es002BVUcAc4oxk?format=jpg&name=small,https://pbs.twimg.com/media/Es002lzW4AA3bHy?format=jpg&name=360x360,https://pbs.twimg.com/media/Es003IbU0AcA2c1?format=jpg&name=360x360"	31	8	5	
2021-01-10T07:11:48.000Z	text	"“Then shall ye return, and discern between the righteous and the wicked, between him that serveth God and him that serveth him not. ""So you will again distinguish between the righteous and the wicked"			15	2	2
2021-01-03T07:06:30.000Z	text	"Fear not the coming of 2021 

“For I am the Lord your God
    who takes hold of your right hand
and says to you, Do not fear;
    I will help you.”
Isiah 41:13"		23	4	2	
2020-12-31T16:48:38.000Z	image	Just been served at New EKA hotel in Eldoret by my Tvet  graduate today - TVET works !	https://pbs.twimg.com/media/EqlJnMZXcAEt-gP?format=jpg&name=small	144	14	17	
2020-12-28T17:10:30.000Z	image	Kenyans daring abroad !	https://pbs.twimg.com/media/EqVx2DsW4AElbx0?format=jpg&name=small	7	2	1	
2020-12-20T14:45:59.000Z	text	"“If my people, which are called by my name, shall humble themselves, pray and seek my face and turn from their wicked ways, then I will hear from heaven, and will heal their land.”
2nd chronicles 7:14"		28	9	5	
2020-12-17T16:45:17.000Z	image	Merry Christmas and happy new year 2021 .	https://pbs.twimg.com/media/EpdCl_jXEAUHGS-?format=jpg&name=small	38	4	7	
2020-12-13T06:59:01.000Z	text	This is surely a very unique and different Christmas season -with less pomp and less interaction.  “But my God shall supply all your need according to his riches “. (Philippians 4;19)		17	1	3	
2020-12-06T07:07:40.000Z	text	"Unprecedented year this one is ! -Tough circumstances have beckoned for tough decisions and interventions -BUT 
“No word from God  will ever fail 
Isaiah 55.11 “"		23	1	4	
2020-11-29T07:11:26.000Z	text	"“ So in everything, do to others what you would have them do to you,for this sums up the Law and the Prophets.” (Mathew 7:12 )

“FEAR  does NOT advance humanity But FAITH does  ! blessed week “"		24	4	1	
2020-11-28T17:17:52.000Z	text	A good challenge for kenya@TVETAKenya @Langat_Kipkirui @edwintarno @KAM_Kenya @giz_gmbh @worldskillsKE @cdacc_tvet @KKnqa twitter.com/ADEAnet/status…		9	1		
2020-11-24T18:47:14.000Z	image	“We have a cabinet that looks like America “  USA Vice President elect Kamala Harris	https://pbs.twimg.com/media/EnnB71WW4AAuGXS?format=jpg&name=small	12	1	1	
2020-11-24T14:09:57.000Z	text	Good work DG - AU vision 63 puts youth and skills as priorities.@StateHouseKenya @EduMinKenya @TVETAKenya @edwintarno @Dr_Monari twitter.com/Langat_Kipkiru…		3	1		
2020-11-23T10:34:38.000Z	image		https://pbs.twimg.com/media/EngHmSuXUAAgDWa?format=jpg&name=small	22	1	6	
2020-10-30T09:02:53.000Z	image	"Women in Technical Education. (WITED) Congratulations  Faith Langat , you inspire young women ."	https://pbs.twimg.com/media/ElkMcfdXUAEGzyd?format=jpg&name=small	39	11	2	
2020-10-29T16:38:53.000Z	image	Let’s learn from COTVET. let’s retool tvet teachers - this will have infinite effect on the trainees and Industy	https://pbs.twimg.com/media/ElgrOfHWkAA3hZK?format=jpg&name=small	33	5	1	
2020-10-13T06:58:28.000Z	text	Good initiative.This the kind of Cbet training that should be rolled out to all Tvets  .It comes with challenges one being availability of enough spaces in Industry. We can expand this space to include use of selected Juakali industry players.		8	2	1	
2020-10-10T19:11:26.000Z	image	Mental health should be given better attention !	https://pbs.twimg.com/media/Ej_X79cWsAAJAQ0?format=jpg&name=900x900	24	4	2	
2020-10-05T11:20:14.000Z	image	Happy teachers day !	https://pbs.twimg.com/media/Ejj8I11XkAEgH4C?format=jpg&name=small	29	3	2	
2020-09-13T11:26:13.000Z	text	Hand washing machine indeed ??		1			
2020-08-26T14:14:30.000Z	image	KATTI ANNUAL GENERAL MEETING (virtual )	https://pbs.twimg.com/media/EgWkbFsXsAMu2mm?format=jpg&name=small	25	5	5	
2020-08-23T07:30:33.000Z	image	"To the powerful and the rich - MINIMIZE your pride and arrogance , MAXIMIZE your humility.This is my  church’s massage for you today."	"https://pbs.twimg.com/media/EgFrLjeXgAAIksq?format=jpg&name=360x360,https://pbs.twimg.com/media/EgFrMGTX0AAs9pV?format=jpg&name=360x360,https://pbs.twimg.com/media/EgFrMjfXgAAgxSp?format=jpg&name=360x360,https://pbs.twimg.com/media/EgFrM9cWsAE7nd4?format=jpg&name=360x360"	17	5	5	
2020-08-19T15:15:50.000Z	image	Tvet’s should embrace these new technologies - they are not an option But the main portion of the future !	https://pbs.twimg.com/media/EfyvVi_WoAAWtjq?format=jpg&name=small	16	2	3	
2020-07-05T10:02:20.000Z	image	Honest Financial savings and resource strength however small they may be  are biblical virtues .Pursue them with faith in God .	"https://pbs.twimg.com/media/EcJ4CdjXgAQ36bO?format=jpg&name=360x360,https://pbs.twimg.com/media/EcJ4Cf5X0AAvTPC?format=jpg&name=360x360,https://pbs.twimg.com/media/EcJ4CfzWAAIW-MG?format=jpg&name=360x360,https://pbs.twimg.com/media/EcJ4Cf6XQAAyBIR?format=jpg&name=360x360"	15	3	2	
2020-07-05T08:41:25.000Z	image	Honest Financial savings and resource strength however small they may be  are biblical virtues .Pursue them with faith in God .	"https://pbs.twimg.com/media/EcJlfzIXgAEYfJX?format=jpg&name=360x360,https://pbs.twimg.com/media/EcJlgVDXgAANaYd?format=jpg&name=360x360,https://pbs.twimg.com/media/EcJlgyIWkAItB-C?format=jpg&name=360x360,https://pbs.twimg.com/media/EcJlhSFXQAAJIu7?format=jpg&name=360x360"	17	2		
2020-07-03T16:12:16.000Z	text	We have to finalize implementation of ODEL in tvet .hopefully Tvet trainers will take advantage and learn from this webinar.		6	2		
2020-06-28T21:20:33.000Z	image	There will always be opportunities for optimists in difficult times and complaints and lamentations for pessimists even in good times	"https://pbs.twimg.com/media/EboQH58XgAclR1D?format=jpg&name=360x360,https://pbs.twimg.com/media/EboQIb1WkAEKC27?format=jpg&name=360x360,https://pbs.twimg.com/media/EboQI5AWkAIOb0u?format=jpg&name=360x360,https://pbs.twimg.com/media/EboQJS2XsAMJQNR?format=jpg&name=360x360"	16	3	1	
2020-06-24T14:36:20.000Z	image	“Tvet is the future of Kenya” PS TVET  Dr Jwan said this today when he officiated on tree planting exercise at Moiben Technical college in UG COUNTY. Greening Tvet is a Unesco Unevoc target in SDG    	"https://pbs.twimg.com/media/EbSNQuZWkAYDvJL?format=jpg&name=360x360,https://pbs.twimg.com/media/EbSNQuZWsAYDi-C?format=jpg&name=360x360,https://pbs.twimg.com/media/EbSNQwkXQAEQ4Qi?format=jpg&name=360x360,https://pbs.twimg.com/media/EbSNQwbWkAEaXhc?format=jpg&name=360x360"	33	9	4	
2020-06-24T14:21:07.000Z	image	“Tvet is the future of Kenya” PS TVET  Dr Jwan said this today when he officiated on tree planting exercise at Moiben Technical college in UG COUNTY. Greening Tvet is a Unesco Unevoc target in SDG  ?? ?? ???? ?	"https://pbs.twimg.com/media/EbSJu2rX0AYEyzh?format=jpg&name=360x360,https://pbs.twimg.com/media/EbSJvhdXgAIwJiW?format=jpg&name=360x360,https://pbs.twimg.com/media/EbSJwFTX0AAgsuO?format=jpg&name=360x360,https://pbs.twimg.com/media/EbSJwn5XQAErMow?format=jpg&name=360x360"	26	4	4	
2020-06-21T07:30:27.000Z	image	As you celebrate Father’s Day have strength to overcome our challenges and fears by being HONEST TO GOD !	"https://pbs.twimg.com/media/EbBO_caXgAAGIW_?format=jpg&name=360x360,https://pbs.twimg.com/media/EbBPAHCXQAEgSkl?format=jpg&name=360x360,https://pbs.twimg.com/media/EbBPArnWkAE7b0Z?format=jpg&name=360x360,https://pbs.twimg.com/media/EbBPBMzWsAEsU-8?format=jpg&name=360x360"	11	3	3	
2020-06-18T15:07:53.000Z	image	"Today We,RVTTI donated 24 medical beds made by our students and assorted foodstuff to UG county to help combat COVID 19 pandemic."	"https://pbs.twimg.com/media/Eaza74fXQAACrSQ?format=jpg&name=small,https://pbs.twimg.com/media/Eaza8R1XgAA0xvG?format=jpg&name=360x360,https://pbs.twimg.com/media/Eaza8r0WoAEs_eg?format=jpg&name=360x360"	50	23	9	
2020-06-08T16:14:31.000Z	image	"Yes the future of work must directly affect the current curricula used in Tvet’sDr. Julius Jwan Ps, TVET on #mondayreport with @TrevorOmbija. Future of Work. @WaihigaMwaura . Great economies around the world revolve along #skills and #lifelonglearning @edwintarno @Langat_Kipkirui @FaithLangat7 @EASTRIPSTI @CICan_KEFEP"	https://pbs.twimg.com/media/EaAHZ3QWsAMwoZ_?format=jpg&name=small	11	2	2	
2020-06-08T14:39:15.000Z	image	"USA Democratic Party members found it tough kneeling for 8min and 46 sec today.I can’t Just imagine how George Floyd managed to hang on for that long .
RIP George."	https://pbs.twimg.com/media/EZ_0fpKWoAYLDLk?format=jpg&name=small	6	2		
2020-05-05T10:07:19.000Z	image	Commodities exchange vital for Agri development.	https://pbs.twimg.com/media/EXPwMX2XkAAepRZ?format=jpg&name=small	4		1	
2020-05-05T04:44:47.000Z	text			6	2		
2020-05-04T05:02:57.000Z	image		https://pbs.twimg.com/media/EXJg8puXYAEon4I?format=jpg&name=900x900	4	2	1	
2020-05-03T07:33:32.000Z	image	With our current challenges what is your contribution and what kind of seeker are you ? Acts 16:6-10	"https://pbs.twimg.com/media/EXE5w3pXkAEkb8C?format=jpg&name=small,https://pbs.twimg.com/media/EXE5y84WkAAq94_?format=jpg&name=small"	12	3	1	
2020-04-30T09:33:01.000Z	text	"Today we held a vertical meeting involving 19 participants and experts,including tvet stakeholders Katti, Cdacc,tveta , Unesco, festo, Zizi Afrique and MOE on Kenya’s TVET  ODEL . It’s Our Hope this initiative will bear fruits.  "		5	2		
2020-04-28T16:56:07.000Z	text	"Good. It should also be cost effective, sustainable and essentially , must be accessible to most Tvet students across Kenya."		3		1	
2020-04-28T11:54:13.000Z	text	 Custmer Centre should be serious they took 10 days to block use of a card and worse they kept me waiting for  2sessions 10 min today . How safe are we ? How I miss 					
2020-04-26T12:45:49.000Z	text	3D printing is the modern and future manufacturing method - spanning from Eng to medicine and most productions. several Tvet’s have this technology models albeit at introductory levels only .		6	3		
2020-04-24T15:09:34.000Z	text	Very Good news !		1			
2020-04-22T10:47:23.000Z	image	Congratulations ???? for renewal of UNEVOC Centre membership. This reaffirms your EAC status as a  regional Centre excellence in Tvet ?? ?? ??	https://pbs.twimg.com/media/EWM8tBcXkAEiV1G?format=jpg&name=small	23	5	10	
2020-04-22T10:39:08.000Z	text	Africa needs farming policies like this one . In Kenya food imports should be a thing of the past .		3	1	1	
2020-04-19T12:44:10.000Z	image	Your Heavenly Father knows all your needs ..But  Seek ye first the kingdom of God and all shall added to you . Mathew 6:33	"https://pbs.twimg.com/media/EV96pGsWkAEDtIv?format=jpg&name=small,https://pbs.twimg.com/media/EV96ptjX0AAjyyt?format=jpg&name=360x360,https://pbs.twimg.com/media/EV96qN9XgAATvEu?format=jpg&name=360x360"	15	2	2	
2020-04-18T18:24:15.000Z	text	It’s very encouraging that  and  have given us critical information on the ongoings of similar projects worldwide.		3		2	
2020-04-18T04:09:08.000Z	text	You can’t believe this ... and Chinese are roaming freely all over Africa !		2		1	
2020-03-30T14:31:05.000Z	text	This is also used to boost access and promote “flexible and blended” learning .This is an area that we are lagging behind in Tvet. The new center   and Thika tti can use COL model . KTTC can do short trainings of instructors on use of this model and use of AI in teaching.		1	1	1	
2020-03-29T13:50:54.000Z	image	"A lot to learn from Chris Hart, even in lean times like now"	https://pbs.twimg.com/media/EUSAiyGXQAMi1ni?format=jpg&name=small	8	1	1	
2020-03-29T11:09:37.000Z	text	Sure ....					
2020-03-26T17:33:17.000Z	text	"*TUJIFUNZE KISWAHILI CHA KORONA*

•Quarantine - Umwali

•Sanitizer - Kitakasa/ Kieuzi

•Contagious - Ambo

•Disinfectant - Kiambukua

•Face mask - barakoa

•Epidemic - Kumbakumba

•Pandemic - Mtandavu"		4	3	1	
2020-03-26T08:24:20.000Z	text	 it’s utterly unfair to have your network unstable and poor at this time of critical need . Be honest if you don’t have enough bandwidth for all your Custmer needs .				1	
2020-03-25T07:10:33.000Z	text	Congratulations Ms Rita . You’re upto the task - I remember your efforts in the success of CAPA Conference hosted by Rwanda last year .God bless		2	2		
2020-03-24T16:44:57.000Z	text	Good work - but note this is for secondary school Tvet system. Tertiary tvet is very wide and complex.COL has done some ground here but a lot needs to be done .		1		1	
2020-03-21T03:27:44.000Z	text	"This is an idea that has already been taken up . Rvtti is in final stages of completing Virtual learning Centre complete with necessary connections. Among the challenges -strength of internet connection both for inst and students, cost and training of trainers ."		8	4	2	
2020-03-19T15:01:36.000Z	text	This massage squares well with what our health CS Hon Mutahi told us today. Young persons should learn so fast to limit their exposure by restricting movement.		6	2		
2020-03-13T06:30:18.000Z	text	Brilliant step .Recognition of prior learning (RPL). This is long overdue. Tvet institutions should be used as assessment Centers ?? ?? ?? ?? ?? ??		16	10	2	
2020-03-12T07:24:35.000Z	text	Happy birthday Hon Kip .		2			
2020-03-12T05:59:52.000Z	image	I’m humbled and privileged to be a keynote speaker at the 1st Nyeri National Polytechic conference.-CBET is our focus	"https://pbs.twimg.com/media/ES4xs29XkAAGjj_?format=jpg&name=900x900,https://pbs.twimg.com/media/ES4xtP5XsAAZlM_?format=jpg&name=small,https://pbs.twimg.com/media/ES4xtr3WkAAIoyf?format=jpg&name=360x360"	15	4	4	
2020-03-01T08:56:59.000Z	image	“Christ is the answer”- at CITAM Karen today	"https://pbs.twimg.com/media/ESAwwXjWsAE5-X7?format=jpg&name=small,https://pbs.twimg.com/media/ESAww3qX0AEL-g9?format=jpg&name=small"	11		2	
2020-02-29T08:03:45.000Z	text	Congratulations Dr Jwan and thanks  . Together let tvet be our passion.		3			
2020-02-29T07:25:13.000Z	image	Recently I had the privilege to host Claire Roth President of RYM international. They support two Tvet Projects in UGC . Partnerships we value in Tvet.	https://pbs.twimg.com/media/ER7SKlzWAAEkHcc?format=jpg&name=small	12	3	4	
2020-02-27T19:42:37.000Z	text	Thanks Presidents Award Rvtti chapter team . community work is an integral part of humanity. Rewards come for all and for self .		6	2		
2020-02-24T15:37:25.000Z	image	"Rvtti handed over the kjtvet journal to Tveta on 20/2/2020
Rvtti will continue to publsh the Afritvet journal . The two journals will continue to enhance Tvet publications in Kenya and Africa in close consultations."	https://pbs.twimg.com/media/ERjS3aRX0AEsoRY?format=jpg&name=small	9	3	2	
2020-02-23T13:14:27.000Z	image	#NewProfilePic	https://pbs.twimg.com/media/ERdoj8KWsAI8Zt_?format=jpg&name=small	8	2	1	
